{
  "sheetsById": {
    "Scene": {
      "staticOverrides": {
        "byObject": {
          "Shader": {
            "uniforms": {
              "uOpacity": 0.07000000000000006,
              "uDeepPurple": 0.74,
              "uStrength": 0,
              "uPhase": {
                "y": -0.68,
                "x": 0.31000000000000005
              },
              "uOscilation": {
                "x": 0.45
              },
              "uBrightness": {
                "z": -0.44000000000000006
              }
            }
          }
        }
      },
      "sequence": {
        "subUnitsPerUnit": 30,
        "length": 17.96,
        "type": "PositionalSequence",
        "tracksByObject": {
          "Shader": {
            "trackData": {
              "3PxQSvjh3p": {
                "type": "BasicKeyframedTrack",
                "keyframes": [
                  {
                    "id": "e16aciALlV",
                    "position": 0,
                    "connectedRight": true,
                    "handles": [0.5, 1, 0.2843671742666478, 0.4865621818057181],
                    "value": -0.79
                  },
                  {
                    "id": "d6k2-2T-1W",
                    "position": 6.1,
                    "connectedRight": true,
                    "handles": [
                      0.5708172627767334, 0.865697033414258,
                      0.18015213007390102, 0.6729768664823057
                    ],
                    "value": 0.2151900075774802
                  },
                  {
                    "id": "rqJ7aMmCQS",
                    "position": 16.133,
                    "connectedRight": true,
                    "handles": [0.5658512258087013, 0.7328524662527981, 0.5, 0],
                    "value": 1.82
                  }
                ]
              },
              "6uDfIuKcAw": {
                "type": "BasicKeyframedTrack",
                "keyframes": [
                  {
                    "id": "wlsFOiNlnM",
                    "position": 0,
                    "connectedRight": true,
                    "handles": [
                      0.5, 1, 0.013192921416944392, 0.43103448275862066
                    ],
                    "value": 0.0368682602812744
                  },
                  {
                    "id": "w1LZUkiWtk",
                    "position": 1.667,
                    "connectedRight": true,
                    "handles": [0.5, 1, 0.5, 0],
                    "value": 0.09581450653983359
                  }
                ]
              },
              "K330LUTh-4": {
                "type": "BasicKeyframedTrack",
                "keyframes": [
                  {
                    "id": "KxEo6_p9J7",
                    "position": 6.033,
                    "connectedRight": true,
                    "handles": [0.5, 1, 0, 0.3793103448275862],
                    "value": 0
                  },
                  {
                    "id": "-WRqO09XfQ",
                    "position": 7.7,
                    "connectedRight": true,
                    "handles": [0.5, 1, 0.5, 0],
                    "value": 0.66
                  }
                ]
              },
              "kEqaWx-BNb": {
                "type": "BasicKeyframedTrack",
                "keyframes": [
                  {
                    "id": "tuTAdyI2Jh",
                    "position": 12.733,
                    "connectedRight": true,
                    "handles": [0.5, 1, 0.5, 0],
                    "value": 1
                  },
                  {
                    "id": "FLixNUGhPQ",
                    "position": 16.167,
                    "connectedRight": true,
                    "handles": [0.5, 1, 0.5, 0],
                    "value": 2.45
                  }
                ]
              }
            },
            "trackIdByPropPath": {
              "[\"transforms\",\"rotation\",\"y\"]": "3PxQSvjh3p",
              "[\"uniforms\",\"uOpacity\"]": "6uDfIuKcAw",
              "[\"uniforms\",\"uStrength\"]": "K330LUTh-4",
              "[\"uniforms\",\"uDensity\"]": "kEqaWx-BNb"
            }
          }
        }
      }
    }
  },
  "definitionVersion": "0.4.0",
  "revisionHistory": ["jBim4hiWqo9V6bv7", "start"]
}
